1,2,"36809940-3718-488d-928e-ab4949669622","28b018fa-8f62-402d-bd35-15edfc3daa4c"
2,3,"4647c509-9774-48ec-829b-69e78f343417","7dbeb2dd-1e7f-433b-9550-24d171712b33"
3,4,"97ef669a-c028-4c25-b5ff-7335aa5d806c","20a72d33-4b3e-47df-b88c-bbd632ed57df"
4,8,"ff6ca2a6-078f-4ee7-abf1-2555ad5483f5","b676591b-6c2f-4efe-ba5f-aa529764ec42"
5,11,"9feecc9f-4805-487d-8350-b5f2ad6a43fa","baa818d0-cc26-400f-8c49-838ed811024b"
6,22,"de132bb9-2b0b-4bd2-b918-7bc26a92d413","50defd3b-fe40-4875-8db4-ec7cad37a848"
7,26,"50f97655-c930-40fd-82c7-fb33fd024fec","e421a897-4eb7-45a7-a4dc-6aaf4d7bd8a9"
8,30,"0846b056-b148-434e-9635-da9f6e705035","7ad77784-489d-4e72-99b7-fceb221629a4"
9,40,"6f7367d5-031e-4a09-b12b-0c74817ef636","f22848f5-e5c2-4bd0-86ce-e254174b060a"
10,46,"50228b8c-bbaa-4c32-83c6-2831a1ac317c","15a42aaf-f5cc-47df-bbb3-f59768ac6eed"
11,54,"4a1562a4-c4d2-4bc5-a85e-f3db588b0072","d71bf270-d6b1-4ae1-9546-338ce292e125"
12,55,"d177ec97-aaed-4cf7-9215-e4e18d91a0ce","60223b25-aaef-450f-b44c-6436e5f3374d"
13,56,"97ef669a-c028-4c25-b5ff-7335aa5d806c","20a72d33-4b3e-47df-b88c-bbd632ed57df"
14,57,"50f97655-c930-40fd-82c7-fb33fd024fec","e421a897-4eb7-45a7-a4dc-6aaf4d7bd8a9"
15,59,"6f7367d5-031e-4a09-b12b-0c74817ef636","f22848f5-e5c2-4bd0-86ce-e254174b060a"
16,60,"8f12b904-a7d5-4fcb-9990-1cf85038c104","f59ec261-8ecc-49fe-b159-99a90de626bd"
17,62,"77c9451b-bbd3-494c-b05c-96a22caa4a23","96b59085-3462-42fb-8ccf-78785ef36afc"
18,71,"de132bb9-2b0b-4bd2-b918-7bc26a92d413","50defd3b-fe40-4875-8db4-ec7cad37a848"
19,78,"f45430a3-d973-4994-bff7-baeedee22e9e","7dc0a2f0-4920-408d-8f32-cd5398d96d71"
20,80,"f54f414e-d354-4347-b83b-6e6523d831fe","4be81211-c3b6-427b-ab0a-5e2264da4529"
21,82,"139d1b98-fa78-4828-9295-30717620ca4b","ac3fecae-4227-439c-93a2-de99ed93d395"
22,83,"6c7a8058-5120-420b-a40d-0df3cd97a519","2bbcba2c-1cc3-4d07-bf8f-16425c8c829c"
23,84,"82fae55c-7e14-4a03-b9d1-e49577a442f8","6a839993-0c56-4823-82f8-f82399572e9d"
24,85,"a8b11a8f-317a-45fd-9471-e055b48ba547","cc7742a8-5487-4788-a3fa-b526eafb42e3"
25,87,"47ba8d89-decb-47a2-bc78-88f64a8c1f22","fd9ccff8-3ca6-4ebd-993c-b3c83d034d38"
26,88,"8f6f2825-8bc8-4c3a-a16b-44bc599832d9","0486db7f-fb0d-4a82-b356-b93d36baa409"
27,90,"4c1a7184-86cc-48c2-8c15-5aae82eb7bc0","fa063ff9-509c-4379-9641-bc718af9b957"
28,91,"a1b16676-daa4-44f9-82bd-1c284017024c","8990f1f0-174d-48b4-9d63-4bb7ec70abf1"
29,93,"ef4ee280-6cf1-4138-aff9-5e0e21c8ce09","5dc3d82e-d1fb-4075-a04e-49489f632341"
30,95,"983d68cf-d333-4e85-83e8-99b81fb3f0b5","5d73fcbe-f3b0-4f75-bcb9-2a7571ec6abb"
31,101,"50228b8c-bbaa-4c32-83c6-2831a1ac317c","15a42aaf-f5cc-47df-bbb3-f59768ac6eed"
32,102,"4a1562a4-c4d2-4bc5-a85e-f3db588b0072","d71bf270-d6b1-4ae1-9546-338ce292e125"
33,108,"b5dbd8e7-ed06-4262-b0b5-e88590116ef7","f388a93a-6d4d-4970-b977-f9edde583727"
34,109,"d5af62ba-2ffe-40a3-977a-43dc494b8e23","0422d076-f1b4-4565-a386-f2f1c3d8cc16"
35,110,"ec855c2a-b279-4c0b-9e3c-f351c8a32264","a6a0514d-2713-42c8-aafe-d44e7d1ed7ec"
36,111,"6a88e57b-9097-4625-add2-889fa050de9d","f42d1d96-f0a1-4650-bcde-ff756a7aea62"
37,113,"14985a59-1635-4646-a6d9-22d3a53d2d48","6da0e783-c762-435c-be4d-2862515f0d1c"
38,121,"08d65159-1a33-469a-bcd6-b568891c4c95","ecd9634b-d58c-4d53-92e0-fa11943deb9e"
39,205,"4bd0476b-acec-446d-b526-23a0209101ca","4e70f3d3-5d5f-4bd1-8b98-e408b1bbfa0f"
40,217,"50228b8c-bbaa-4c32-83c6-2831a1ac317c","15a42aaf-f5cc-47df-bbb3-f59768ac6eed"
41,232,"41b67b23-c7e1-417b-af71-4d24a7a50c45","0f33986d-b311-49ac-a268-28cc21401d78"
42,233,"54817731-fb76-4868-a951-a184221da0af","6ab42d47-1367-4dac-9398-9b0245c204e7"
43,270,"e2440ae3-2568-4763-a48e-9be1e624258b","08796ab2-e875-41e7-9497-3a90ba2ce2b0"
44,271,"9aa484df-3abe-4d6b-94aa-63d037c7b6e3","e4a1ee6a-d247-4095-91a7-bde8621013c8"
45,272,"8a54c06d-3160-467e-a9f8-2c4f9dedd33e","85da670a-6e3d-4a6f-abdf-36a73397bc59"
46,273,"c8b3f1c6-a246-4ffe-a837-a49d6bb0ce52","66b22534-0c4c-4bb0-b6f6-9674cfc307ce"
47,274,"c8237ba1-f3a7-4a93-acb6-a23044c4f0cf","9c4a1757-422b-458f-b4d2-5e623c911ba6"
48,277,"e98da4a7-0145-4dc2-be09-efa7b36fefe2","e6fb5e00-a625-47ad-a48b-8ab2868d5a11"
49,292,"06490b63-d183-4ca5-bcdb-c935c5b05997","519be9bb-a257-479a-bbc0-1730af9425e2"
50,293,"6e4ead6b-5891-4e8a-8e86-da29bd0f1861","75b1b544-ce7e-4635-8c04-e3601e76af2b"
51,297,"009083ff-8454-40c3-96ed-7a3641fbf2a6","a0088fe4-690d-4b89-ab37-deac32da24ab"
52,316,"4bd0476b-acec-446d-b526-23a0209101ca","4e70f3d3-5d5f-4bd1-8b98-e408b1bbfa0f"
53,348,"108ebcb9-a058-4927-9058-d4579ea9acde","3bc90dc0-708d-4b32-bda6-bec50c0f3d4b"
54,349,"29983157-6bc2-412d-8d8c-7a22bf52ea0a","85848d30-8484-4f58-9ced-f9c3265d0798"
55,350,"2c9d9d64-b976-4f2f-8613-742e624e5a0d","119b4a08-175f-495c-9845-75ec40cadb97"
56,352,"f1b3ed7c-774c-4662-8110-f0293305f2e8","462001c7-c7ce-4aca-a591-5a2920a5e455"
57,353,"c40c9d06-7efb-4110-9419-bbb4c672e656","cc23a900-aa16-473a-895c-a79c199ad6a2"
58,358,"e0d66111-08e2-4bf7-b155-8bffa1829a23","49b6b632-8736-4532-b46a-ab010c1ea100"
59,360,"135ddeeb-f970-4e3e-a9fc-12dd6c590578","8c2d04fa-3a7b-4e07-8fac-806763e43cb9"
60,361,"47a9ae36-bae1-4b5e-bed0-ca6a4f62e9e1","ed5c10de-a526-4a2e-b17e-335b741668aa"
61,362,"870af74e-9c8e-48c1-b7f8-3f28262d7387","1e8474fc-17be-43a1-8516-47a35593f086"
62,410,"29e9dd0e-1921-4e7f-b614-a3b686499d87","92511b15-56ab-40ec-b55b-985916069d1d"
63,411,"29e9dd0e-1921-4e7f-b614-a3b686499d87","92511b15-56ab-40ec-b55b-985916069d1d"
64,413,"ee2ed4a6-4d8c-4d20-8777-c6355c21666f","043a4bd9-9336-4cc3-b51c-1da703f89f87"
65,418,"29e9dd0e-1921-4e7f-b614-a3b686499d87","92511b15-56ab-40ec-b55b-985916069d1d"
66,419,"29e9dd0e-1921-4e7f-b614-a3b686499d87","92511b15-56ab-40ec-b55b-985916069d1d"
67,420,"aab6ceb2-2ea5-4d27-9719-cc2cb87395b7","2d10b938-06a4-4f79-89b5-a57706032a5f"
68,422,"ace8cf9c-3320-44de-8744-0ab571b4fa85","4330745b-768c-4d07-9883-7e126500abe3"
69,423,"ace8cf9c-3320-44de-8744-0ab571b4fa85","4330745b-768c-4d07-9883-7e126500abe3"
70,425,"ace8cf9c-3320-44de-8744-0ab571b4fa85","4330745b-768c-4d07-9883-7e126500abe3"
71,426,"5df43c03-cb04-48bc-b279-cb8e820fbe22","abf6a027-dd24-4268-9130-20dfbfd77b9f"
72,428,"50f97655-c930-40fd-82c7-fb33fd024fec","e421a897-4eb7-45a7-a4dc-6aaf4d7bd8a9"
73,437,"c8b3f1c6-a246-4ffe-a837-a49d6bb0ce52","66b22534-0c4c-4bb0-b6f6-9674cfc307ce"
74,444,"a1b16676-daa4-44f9-82bd-1c284017024c","8990f1f0-174d-48b4-9d63-4bb7ec70abf1"
75,540,"04d8bacc-37cb-4a9b-aa65-b7dc438e8829","b3854536-44d2-436f-beae-0c9ed1593953"
76,541,"c8237ba1-f3a7-4a93-acb6-a23044c4f0cf","9c4a1757-422b-458f-b4d2-5e623c911ba6"
77,568,"6edd234a-abff-4e90-9aab-b9b9c6e49ff7","87843b9b-516d-4a58-824b-f658d1361ad1"
78,569,"882ad5b5-f549-44a1-a434-c465d22fe4bf","3b27ede8-3ff9-435d-a264-e2de2ccbb2ce"
79,599,"50228b8c-bbaa-4c32-83c6-2831a1ac317c","15a42aaf-f5cc-47df-bbb3-f59768ac6eed"
80,609,"600a36b8-ed3e-40c6-8a5f-c2b890eda50a","4c2582ee-ec9e-420c-9ba2-ba401f2eacce"
81,625,"23f11cd4-ebe8-41c4-8367-20f6502d2ad6","e7a8cc92-d26f-4390-a9a8-1214a1938fe4"
82,635,"0d2ae42d-4c27-4cb7-af6c-2099062302bb","e3d5ea9e-50bd-43b7-88bf-39794f4e3d40"
83,659,"f2ebc6e9-ed10-4e66-89a4-691491e92c5f","ad76028f-1646-4016-abee-828f8fee6dba"
84,661,"f2ebc6e9-ed10-4e66-89a4-691491e92c5f","ad76028f-1646-4016-abee-828f8fee6dba"
85,664,"b0e08935-c57b-47cc-a092-59abdb48197d","a744f19e-c0f7-42be-bba9-04a282fb6b63"
86,678,"de132bb9-2b0b-4bd2-b918-7bc26a92d413","50defd3b-fe40-4875-8db4-ec7cad37a848"
87,688,"c1f80063-5ec9-44bf-87a0-40c0c8ce42a2","c20f2c89-9081-433f-bed3-2ad0d26a8a21"
88,693,"06ee53f6-6207-4740-bbc4-b0d01bcd0183","f2750920-b44c-4601-b9f4-3342cca32740"
89,720,"6678eff0-1293-4f87-8c8c-06a4ca646068","697a073a-83f3-46af-9da7-0d0b0a8a2366"
90,750,"ee2ed4a6-4d8c-4d20-8777-c6355c21666f","043a4bd9-9336-4cc3-b51c-1da703f89f87"
91,801,"600a36b8-ed3e-40c6-8a5f-c2b890eda50a","4c2582ee-ec9e-420c-9ba2-ba401f2eacce"
92,802,"600a36b8-ed3e-40c6-8a5f-c2b890eda50a","4c2582ee-ec9e-420c-9ba2-ba401f2eacce"
93,825,"4b20d5ee-461e-4d27-8c56-e258577c5ed3","33703ffd-bf41-4d60-9ed0-4505d1f1632e"
94,834,"009083ff-8454-40c3-96ed-7a3641fbf2a6","a0088fe4-690d-4b89-ab37-deac32da24ab"
95,895,"3499bde3-6f0e-4ddc-84fb-736f93078be2","1f8ba984-b3e4-49e5-a9a2-f9456c098f52"
96,924,"3b2ceefd-2316-4abb-962f-4153257ce741","f2f8f582-6b7b-4d87-9a19-c72f07fccf99"
97,1176,"67944455-5b1e-4951-8759-85dac2b6102c","45147d2f-09e4-4e0d-b4b0-31da180f2412"
98,1253,"f9b3023e-0687-4348-8a30-ecc998b8b114","64fa0bc0-3cdb-472b-8d60-39b22061fb8d"
99,1651,"92c79ab6-a69a-411d-ba2b-625ab104235d","27c49943-5d32-4b44-8819-1d5f0426c051"
100,1653,"eb593d45-4aba-46cf-90e9-2c5cd00bc278","9b671a15-40ce-4d80-8899-90f5c0d8480e"
101,1713,"8e1120f1-d86e-4da2-ba89-2b85639b872a","2dfa4bfd-b2c3-4993-8838-276d89bab144"
102,1771,"429a8e76-f469-4b2e-9d74-c1b35ee0ddad","d2408c33-775c-416b-b5d4-768bd23ccbad"
103,1803,"f40e304d-8e8d-4343-8270-d06487c35add","e0b29a98-ce38-4bc7-96ee-9d20e793e9e3"
104,1835,"6edd234a-abff-4e90-9aab-b9b9c6e49ff7","87843b9b-516d-4a58-824b-f658d1361ad1"
105,1843,"0d2ae42d-4c27-4cb7-af6c-2099062302bb","e3d5ea9e-50bd-43b7-88bf-39794f4e3d40"
106,1847,"f8d43496-6e15-4ee1-a57f-b23cab9f9acf","2e020a01-1b19-4147-9fd9-788f2fe0d1d2"
107,1848,"47043a38-3f88-4464-ab5e-5b3c1b1c1924","e8087fc0-7734-4e81-ae52-9e5c22ffae86"
108,1875,"9676c860-e256-4d60-b39a-26d114b125c3","8ae62d8c-0a53-438e-bbea-a4f8f1f9feeb"
109,2010,"91857f7a-783d-4520-a1ad-8e2f4bdba236","933153ac-0e93-4ead-be41-563de8dc6487"
110,2024,"1d1273d9-2120-4e55-8d98-66e08781258e","243b7c00-85dc-4283-81fb-c1deb5430315"
111,2036,"a1e7474e-6917-4f5b-9edd-f2bc689bf580","17d7ba55-2314-4681-b7db-05652c283439"
112,2070,"1d1273d9-2120-4e55-8d98-66e08781258e","243b7c00-85dc-4283-81fb-c1deb5430315"
113,2130,"8e1120f1-d86e-4da2-ba89-2b85639b872a","2dfa4bfd-b2c3-4993-8838-276d89bab144"
114,2235,"7c627be7-30a8-4544-9cab-e12717a63515","bf2e613a-9754-40c5-8cc4-57a6db78b6a4"
115,2290,"25894e43-9525-4dd5-8a0a-54bb4b1efc3e","ecb7d1b0-93bd-48a4-9d6c-9c4a444101d5"
116,2297,"11eea277-1d8b-456a-aca5-0c41b317373b","ab4abead-b9f3-4b3a-b5ad-463d6d117758"
117,2298,"b7fa69d3-3ec4-4f8d-8531-217f400bb507","8a4e8b00-bfb2-4dd5-bc64-a7ff4dc29bd2"
118,2356,"45a0b2b4-6e9c-4a42-b97e-e27ed46d3d47","40c26135-df4c-412a-ab7d-64051496e3e4"
119,2688,"8c8d9b22-498c-45e6-80da-7cd22787c9b3","35c5c607-2717-47d9-9323-7df47c6e1c4d"
120,2741,"54a1d001-f874-4af8-a88b-055f0c47ae45","eb8c4978-59ba-485f-9a70-80d2e9e6cde6"
121,2855,"90c0ddf3-64c2-40d1-ac53-85ebeccd96eb","41080f91-b0c8-4539-a5d9-965b14ef32bf"
122,2865,"3008f7f0-250e-44d8-b35c-b30dc21a39c0","cd408ad0-3457-4cc3-8114-9106e93d2aae"
123,2916,"882ad5b5-f549-44a1-a434-c465d22fe4bf","3b27ede8-3ff9-435d-a264-e2de2ccbb2ce"
124,2968,"1d3020bc-28ef-4215-8a8e-24b4cc64c447","372edf86-bd88-41c2-8602-3489a2af33cc"
125,2988,"19519050-3391-4c5c-b80e-7cec0eb51b79","bfda6eb6-dd8a-4d4c-b17e-fd088fa939b8"
126,2990,"d2aff52f-faf3-4184-8f5c-5aeaa20d25e1","114a4532-8e80-4ad6-b15f-f5732053e4ea"
127,2992,"a7d8b4bf-9b67-4d7c-807f-2587db5c3a23","642a0aef-2fea-44b0-96ff-ca9f19265941"
128,2993,"1e6fd558-8039-471e-9ee0-6c511b78d02d","b6bd2383-d92c-40f3-9845-17724e625e9f"
129,3037,"96e3caa3-42c6-4f39-99c6-dc9923d30db3","9346720e-8298-4722-a6cb-a24d456b774f"
130,3044,"548ddd23-382b-4c68-8049-e837b5196472","8c9ef016-a009-4b59-abd5-15489a73ddf5"
131,3050,"f69b6a96-5620-4f6e-8268-a14ea8d52822","62ab6c0e-5cee-4369-b818-d744afc71125"
132,3051,"4ff2bb76-7194-4dab-9558-1072471b76ce","9e7ac5de-31f2-49a1-b2e5-9fea686b8d9f"
133,3052,"f6397855-ad9d-4848-9cc8-de06d1d82755","8d09a12f-7772-4326-a22f-fdf91c3de617"
134,3053,"82d472d7-6e21-45de-a770-158f10a9ed1c","c66c6f87-3dda-451d-9f9b-9a62d7a0ca99"
135,3054,"d3ee7e83-c758-4f5b-be7a-d76558aabf17","888e22a0-a27e-4943-8f0e-989cdf7b29e9"
136,3088,"47dbd88f-4658-4635-83cd-d695358da7fa","a19e4be9-eb61-4d8f-95d1-02fd6156dac7"
137,3279,"a20f75db-9175-4df6-b1b3-ba42e291166c","b65780e8-0875-4685-995a-6e952cc605a8"
138,3352,"560554cc-10a7-462e-b87f-8aa3515cc344","9c1dda73-c659-48be-8aa4-86e7f6392540"
139,3353,"c619c78d-1c6b-47cf-9b36-80160d5c0e8f","ade80bc2-0462-42bc-837a-851386dc5a9e"
140,3360,"560554cc-10a7-462e-b87f-8aa3515cc344","9c1dda73-c659-48be-8aa4-86e7f6392540"
141,3361,"560554cc-10a7-462e-b87f-8aa3515cc344","9c1dda73-c659-48be-8aa4-86e7f6392540"
142,3431,"361ec29a-b7e9-408a-a1cf-8257494068eb","4f3c4f92-cda0-4497-ae70-89b9a858caae"
143,3502,"d08f262c-3e5b-4362-acdb-d8abb294b637","21ae7a6c-38ca-413c-8445-2fd0bd2c80e9"
144,3539,"bfd34091-6af6-4029-873b-ba7e036464fa","ba09e96a-9f80-42c1-ab6c-4abbc91e9d38"
145,3559,"429a8e76-f469-4b2e-9d74-c1b35ee0ddad","d2408c33-775c-416b-b5d4-768bd23ccbad"
146,3584,"d50698eb-19eb-438b-8a98-fa0a9538a0ad","87fcfdf6-58cf-4193-8cde-6804970021fd"
147,3600,"362c7c19-4792-4876-9cf9-2bc13f5e3746","ebda12a9-470b-44fb-b137-cb1f66726940"
148,3619,"8c8d9b22-498c-45e6-80da-7cd22787c9b3","35c5c607-2717-47d9-9323-7df47c6e1c4d"
149,3774,"3024e463-c630-46ad-b0b3-8984e09d2ff2","83a2f50b-9e59-4c9b-81fd-7803cf081613"
150,4311,"f40e304d-8e8d-4343-8270-d06487c35add","e0b29a98-ce38-4bc7-96ee-9d20e793e9e3"
151,4497,"a0786bde-08d5-41b4-92d2-bd44814b0aab","6e992cdf-27e2-4cda-a6c8-ab9464130e03"
152,4502,"47dbd88f-4658-4635-83cd-d695358da7fa","a19e4be9-eb61-4d8f-95d1-02fd6156dac7"
153,4553,"bd7681a3-3585-4972-9b07-694a1de8622e","67e7c6d5-eb95-4626-8aa8-51c370b73fa3"
154,4554,"bd7681a3-3585-4972-9b07-694a1de8622e","67e7c6d5-eb95-4626-8aa8-51c370b73fa3"
155,4682,"e9900ed8-9f2d-45e2-8d85-7d01ff91d6e9","be72aab9-28ca-4ed2-8c67-452764578658"
156,4740,"18558d9c-a673-4197-a3dd-a2773d3236a8","fe3cdbe6-9a54-47db-9e2f-6395fd922640"
157,4865,"5c22ec5f-d475-4ec1-8c60-0c28ce9affed","a427a342-56bb-437b-b835-fa695c75893b"
158,4877,"3f10315d-3bb3-4eaf-9983-74eb71b3f073","684d250d-2f66-4d8e-b075-04eb3884fc9e"
159,4923,"bfd34091-6af6-4029-873b-ba7e036464fa","ba09e96a-9f80-42c1-ab6c-4abbc91e9d38"
160,4932,"60859c37-949d-49e2-8fc8-6d8dc40f1a9e","6c6b8cd7-d901-4cd5-8279-07ba92088f06"
161,4933,"60859c37-949d-49e2-8fc8-6d8dc40f1a9e","6c6b8cd7-d901-4cd5-8279-07ba92088f06"
162,4933,"60859c37-949d-49e2-8fc8-6d8dc40f1a9e","6c6b8cd7-d901-4cd5-8279-07ba92088f06"
163,5037,"90c0ddf3-64c2-40d1-ac53-85ebeccd96eb","41080f91-b0c8-4539-a5d9-965b14ef32bf"
164,5042,"8f12b904-a7d5-4fcb-9990-1cf85038c104","f59ec261-8ecc-49fe-b159-99a90de626bd"
165,5059,"7d3950e6-41ce-43e3-976b-f893b246c31e","b5a56749-f302-46f7-8b17-ace3b0c3410f"
166,5087,"e6752512-d123-4f29-943f-93fe9642077f","5f3ef71a-88a0-4845-8815-db9e2513956c"
167,5092,"7d3950e6-41ce-43e3-976b-f893b246c31e","b5a56749-f302-46f7-8b17-ace3b0c3410f"
168,5100,"b0d49994-ec9a-4809-908a-b5970791b0f7","fa18ffa1-ed45-454e-a27c-b34045ffc715"
169,5159,"efeb26f1-c3a4-470a-a760-596c71b834f3","6c6b8cd7-d901-4cd5-8279-07ba92088f06"
170,5183,"cef8b16c-9250-45e8-8867-09f8b6f13489","e8d2050f-8907-4138-9bbd-2cc7b706d3f8"
171,5210,"6f75883b-3b5b-45ce-a2d4-2a7a8477180c","4eb9089b-324e-4e65-a055-5ea05cfeb68f"
172,5266,"7c193df7-ac6c-48ed-ba63-af6f012880a3","d72bad75-18af-4dca-b5b7-069036d3bbd6"
173,5271,"c836bbda-7c0c-4b82-b0c2-b751b1843630","5033bfb3-8a2e-4748-93e5-2ffa82975a85"
174,5277,"8f4f104c-e189-495d-8364-824ed42ee980","31e7b1dd-5867-43ce-9fec-bd0062ebfc65"
175,5404,"215c8900-909e-4dc4-8fa8-025785125435","26d7be5a-9865-4259-a4b0-a2977fe8e22a"
176,5405,"6234f561-391d-4417-a11f-e039400ce0ca","a7e8eb10-a9ad-426d-81fa-860d6802dd3b"
177,5406,"1ee4f5d4-3a0b-4e55-ad3d-b398e014c02a","6c6b8cd7-d901-4cd5-8279-07ba92088f06"
178,5408,"9d6ffbb8-0264-477b-b3b1-ab7de3512d2f","b0bb23c6-619e-424f-85e4-aa075c134ecc"
179,5454,"331cfb56-e7bb-4eb6-94ba-c3c892dd6c1e","70ba6f29-a782-40b7-a3c2-ba67d63eaf68"
180,5455,"331cfb56-e7bb-4eb6-94ba-c3c892dd6c1e","70ba6f29-a782-40b7-a3c2-ba67d63eaf68"
181,5481,"97ef669a-c028-4c25-b5ff-7335aa5d806c","20a72d33-4b3e-47df-b88c-bbd632ed57df"
182,5487,"969de8e2-77f6-4a42-a1a8-5d82d64f0e8d","8f6dd8a1-ad76-47f2-8b2e-f12333224a97"
183,5595,"5d20614c-234d-4cc8-934d-11ff07c2de69","86263886-327a-4328-ac69-527f0d20a237"
184,5613,"afc4d072-356f-4583-80de-1532d492c883","124bbcfb-9fd0-4ddc-b3f9-c3b1a8506efa"
185,5667,"96e3caa3-42c6-4f39-99c6-dc9923d30db3","9346720e-8298-4722-a6cb-a24d456b774f"
186,5705,"aaaae066-2d0e-4998-ad16-378890de3e63","15e52ec9-e269-48f8-bd00-079ce22f68b9"
187,5720,"c38a328d-fcd8-4ce1-afcb-903a71919888","8f6dd8a1-ad76-47f2-8b2e-f12333224a97"
188,5726,"d191d808-a407-4765-887b-c3b0519b038f","c724b8c9-eec6-4bc5-8729-f9659ad90e23"
189,5763,"d54324b5-e7d9-49f2-b60f-beb7e8064666","172517d7-64e7-4bb4-9f94-a2bca0af2286"
190,5776,"6b41112f-0941-4f3f-a0e0-3ca58dd92df8","18314e11-5c57-41e6-a1c7-37aeccf4611a"
191,5850,"37e0b2ad-2ded-4ee6-92db-0214b0f8c7d0","346b31d1-cace-4b11-ac47-883aa69622cf"
192,5860,"bcba8817-b95b-4e1b-b93f-dbeb6c8f22ae","3d8802d4-498a-45c9-9328-d9b6682bcde5"
193,5870,"c23b60a1-4c13-4bad-94c9-4e38e3a248ba","26bd9e82-5d4f-40fc-aeee-ca5cb4254b98"
194,6100,"1d5e4680-e410-432c-af6d-c50d7024ddd0","c841d344-8e38-4ffc-850d-f57935b31059"
195,6115,"17845a39-369c-45eb-b44c-696689eb21dc","887ca3ff-de7a-4513-898c-ea6a93cc0933"
196,6116,"cb99a4af-f2da-43f7-9877-d5354b9b46ad","646536d4-2acf-4acf-8e35-fe19f473e46e"
197,6118,"b603f9e5-1638-4f98-ad0e-6030d024735e","d2f1178c-1ce3-4a03-8169-ba7af83b9010"
198,6139,"56b79cc5-e6bd-432f-9708-6cf81e71a1b4","ac8f749c-025b-41b7-a132-11f6340abba5"
199,6143,"195baf22-a6d3-4c40-82a8-b702de67658a","0a865f38-e1f7-4ed7-b909-77c7ff705d26"
200,6150,"8e1120f1-d86e-4da2-ba89-2b85639b872a","2dfa4bfd-b2c3-4993-8838-276d89bab144"
201,6175,"b0133d48-d651-4300-b6ff-7737b0d9558d","f422a0c1-da56-4602-9a45-c2cf707f4ccf"
202,7015,"5d20614c-234d-4cc8-934d-11ff07c2de69","86263886-327a-4328-ac69-527f0d20a237"
203,7017,"c619c78d-1c6b-47cf-9b36-80160d5c0e8f","ade80bc2-0462-42bc-837a-851386dc5a9e"
204,7080,"7c193df7-ac6c-48ed-ba63-af6f012880a3","3559a76e-f7ca-4fad-bd03-8b5dd4a0131a"
205,7082,"c836bbda-7c0c-4b82-b0c2-b751b1843630","5033bfb3-8a2e-4748-93e5-2ffa82975a85"
206,7084,"90dff68a-e02e-417a-9e3e-8fa9f2770119","c6fe93d0-c012-4851-97d9-abf2129de220"
207,7111,"b08114f4-7a24-4c76-995a-050a39113960","9bacff1a-1cb6-4a58-98c4-970e38783aa6"
208,9663,"4b86608c-f25a-4f1d-92d5-7915346ea992","7c98d744-5e6c-45d5-8d11-da9f40313e0d"
209,9797,"89cdf9d2-a3ca-4ed1-9521-3abfd09668f9","2a965dab-05f3-4951-8ff6-da6d86994e94"
210,10424,"5c22ec5f-d475-4ec1-8c60-0c28ce9affed","a427a342-56bb-437b-b835-fa695c75893b"
211,10871,"075d64ff-855b-41b8-9cb0-b3e9e79f9ba6","3c3fc24b-1e32-40de-894d-3bba5eab4e90"
212,10873,"075d64ff-855b-41b8-9cb0-b3e9e79f9ba6","3c3fc24b-1e32-40de-894d-3bba5eab4e90"
213,11662,"69cf3d5d-5461-45c9-8fbc-128d62eda942","b4e49e6b-3198-4f26-80ac-a35ad08680c2"
214,11783,"25978460-b34b-4caa-a869-b44e013c2bc8","a7b94448-da5e-478f-bec1-e5d826be298b"
215,11784,"deda7f89-33ed-4610-949d-638f737bc73f","187ddb84-05db-4418-90ea-a386c4fd3d3f"
216,11785,"7840eb33-1b6e-47f1-aa6a-c276a5a731f8","48725ec3-179d-415a-9ff0-a51e42cecdaa"
217,11786,"20952732-5815-40a1-ad56-0e53cda44ece","abe4afcb-9eba-4d37-b410-bde9ba18e158"
218,11787,"0dc87811-6648-43e3-aec3-5574ebfdaa02","2d84fea9-f13a-4812-9301-d9e1c51eb926"
219,11788,"42605930-e223-4473-bd31-08227c62c8b3","dc097464-fee0-43f3-8327-e369dc162ee4"
220,11899,"20d5c466-84fe-4f1e-8625-f6a4e2319edf","34c5530a-84e9-4a0d-a557-85e9d7f9d004"
221,11903,"e5af8b3f-a867-4ed4-8804-229b50c9bb1f","dc0736e0-ec67-4802-bb3a-f853b3a34042"
222,11957,"3f28fbeb-1eaa-460f-9265-2ef2a47fd152","69e55abd-5aca-4eee-be94-ce3944c72e73"
223,13504,"c4f15d67-1300-4e9e-bbe3-12e11a148e81","9da14e51-9433-421b-a396-2ac916649564"
224,15657,"e3014688-25dd-4a03-ae5a-82e80eb5053c","4bc245f2-b998-4574-9574-6ab93ec9e44c"
225,16232,"53817db5-700b-4ba6-b424-c006686f37b7","be88c2bf-759c-4c23-a100-77096571ec44"
226,16234,"e3509cd4-cd89-49c3-abbb-6f89ed06c627","20a15eef-ba77-446b-bf75-7874cc14d85f"
227,16236,"51ab2ebb-ab55-479f-8ba1-ae3f31b662eb","462b9c41-84c6-4d81-a0b2-84744501a7f5"
228,16238,"aadfa81c-6834-4f00-bc29-216138fd9ea8","0c4d0022-c1f2-4d21-b2ee-bc7d92bed4b5"
229,16382,"52e74574-1eb1-48a9-b903-e32848fddd0d","9302eb42-e3f3-403d-a801-b3a97a83f0ad"
230,16732,"214f082f-df82-47ed-8308-2dd21eaf5eb4","834a05c0-da46-4ed4-b9a9-a62e7e9ec869"
231,16733,"214f082f-df82-47ed-8308-2dd21eaf5eb4","834a05c0-da46-4ed4-b9a9-a62e7e9ec869"
232,16736,"494c8677-1715-4fc0-9a52-5e8901483006","834a05c0-da46-4ed4-b9a9-a62e7e9ec869"
233,17051,"dd22d322-bda6-4447-9944-fe921665f3eb","8db78924-07cf-4e48-91e6-968045590fa2"
234,17905,"21e366d8-83b9-4c03-bb19-74c78476c34c","a1a5dc5a-203a-4980-8876-7db1c5920ba9"
235,17933,"c619c78d-1c6b-47cf-9b36-80160d5c0e8f","ade80bc2-0462-42bc-837a-851386dc5a9e"
236,17965,"61d65a3e-a6dd-4669-a9ae-669973bcb7bc","54abb071-aa48-4d97-8228-92b5fb52fa94"
237,19000,"de28554a-2a4e-4685-ba6b-6db0847bb3ff","b847e120-521a-4066-ad5d-3817be8f5e8c"
238,61402,"8b342317-125d-4ddb-a223-12a34159aba7","3559a76e-f7ca-4fad-bd03-8b5dd4a0131a"
239,61432,"f49895e7-e6d2-4ae2-b40e-eee1b67f1fa7","cfc76548-af33-4c65-aec0-bb9daf6410e2"
240,61499,"2e617521-42c0-4702-8302-d382e2326260","b232a17a-f4ac-467c-8109-93c66181062e"
241,61501,"f5078c39-09ee-4d02-a26a-637b58bf538e","15227dba-dfed-40ee-a599-bb0747b7c818"
242,61503,"a26a8168-0bc0-458d-9379-19e9438fff8a","3cca8724-7883-4af2-9ebb-f4775cb06f44"
243,61505,"189ff659-bab2-486c-869d-a9cc50d7b76f","e8de9358-0891-4867-aa06-72e2592b24a9"
244,61507,"59cb32cb-ce8f-4f42-b4e3-096c26f6d1fd","1d99476e-e2b6-42a3-a9d1-f55788c412a6"
245,61509,"8b834033-b06a-409a-81d5-5ca351dcea5f","11120e1f-23bc-462f-87e0-d8b5293b5d66"
246,61511,"914bc292-a0c8-41b5-a38b-b44eb8c2dfae","3be285ec-10c3-4a9f-819d-f8149a22e5ef"
247,61513,"abd2a9e9-8d63-440f-abc2-7c99ad0cf532","c444207e-0a90-45cf-b7a2-300d770143fd"
248,61515,"cf5d5c8e-3f9a-47f8-be2b-0fdd314bca9b","20c30809-15c8-4ef0-993e-05560b5e9c35"
249,61517,"cfae1134-4ec8-477e-9800-064d0f142ef0","19d7aa2e-a89b-438c-8130-555c2fd916ca"
250,61578,"8ab9deb2-26a4-4970-b11e-40d28787cf8a","d02e21f7-47bf-492a-b091-cb90e65f9497"
251,61715,"90dff68a-e02e-417a-9e3e-8fa9f2770119","c6fe93d0-c012-4851-97d9-abf2129de220"
252,61751,"da4dd0a4-fe60-4405-87ee-f141657c7c6b","fd008034-449a-4b7f-944a-cc661035fd12"
253,61772,"ff0043a0-8065-4836-8e58-3eb03fc09916","9602790e-69c5-471f-9f47-85943505d329"
254,62020,"04e5afe6-2997-4452-b7f9-a66fc45d261c","196fccf1-2d36-4584-bc32-25a5aaf9442a"
255,62022,"1c31f617-d93a-4273-8957-013010193236","db14ef19-8932-4e54-9ed7-695fa745f0bd"
256,62023,"8ad4166f-f7a2-4d85-a776-6154928ac973","7d54307f-f152-4fe3-95cb-94d8f42f00c7"
257,62025,"10d0e4dd-c54b-497d-afbf-7a99f5cab282","c466d60e-1a7f-4d2f-bd35-b2a48c3a0b68"
258,62029,"27582269-3b55-4f10-8508-0ab62dca12dc","79179297-4ec0-4daa-84db-24dd42aec6bf"
259,62036,"e0195d28-2f55-4ed2-ae06-f3d07d3ce4fc","fe49c384-438d-42b4-a14a-631148018e53"
260,62322,"20d5c466-84fe-4f1e-8625-f6a4e2319edf","34c5530a-84e9-4a0d-a557-85e9d7f9d004"
261,62412,"e5af8b3f-a867-4ed4-8804-229b50c9bb1f","dc0736e0-ec67-4802-bb3a-f853b3a34042"
262,62813,"d106c5f8-a747-4369-855d-f74efbb7a498","ce568930-a2b6-4019-a24f-e21430e4488f"
263,62817,"59e0edee-cacb-4d1e-971d-ba321723f37e","cc98f58e-d309-431e-b46d-67b2eac5fdac"
